About,معلومات عن النظام,
Accounting Dimensions,الأبعاد المحاسبية,
Accounts,الحسابات,
Accounts Manager,مدير الحسابات,
Amended From,معدل من,
Apps,التطبيقات,
Branch,فرع,
Cancelled,تم الإلغاء,
Close,إغلاق,
Closed,مغلق,
Closing Date,تاريخ الاغلاق,
Company,الشركة,
Cost Center,مركز التكلفة,
Deferred Expense,المصروفات المؤجلة,
Deferred Expense Account,حساب المصروفات المؤجلة,
Documentation,الوثائق,
Draft,مسودة,
Expense Account,حساب المصروف,
Is Group,هل هي مجموعة,
Journal Entry,القيود اليومية,
Keyboard Shortcuts,اختصارات لوحة المفاتيح,
Left,ترك,
Logout,خروج,
My Profile,ملفي التعريفي,
My Settings,إعداداتي,
Naming Series,سلسلة التسمية,
Old Parent,الحساب الأب السابق,
Other Details,تفاصيل أخرى,
Re-open,إعادة فتح,
Reload,تحديث,
Right,حق,
Schedule Date,جدول التسجيل,
Session Defaults,الجلسة الافتراضية,
Status,الحالة,
Submitted,تم التسجيل,
System Manager,مدير النظام,
Toggle Full Width,عرض بالحجم الكامل,
Toggle Theme,تبديل المظهر,
View Website,عرض الموقع الإلكتروني,
